,filename,start_time,duration,amount_sent,average_bandwidth,total_rank,order
0,flow_info_ecmp,22522073064.21,1146933333.83,58666666696.5,68.82575757583388,12.0,4.0
1,flow_info_ilp_solver,12102873062.68,586666667.0,58666666700.0,100.0,3.0,1.0
2,flow_info_edge_coloring,96442073073.48,15469226668.864,58666666675.0,4.225,15.0,5.0
3,flow_info_mcvlc,12102873062.68,586666667.0,58666666700.0,100.0,6.0,2.0
4,flow_info_simulated_annealing,19525379729.844,917546667.176,58666666699.4,75.8899999990233,9.0,3.0
